<application>
  <component name="ProjectManager">
    <defaultProject>
      <component name="MavenImportPreferences">
        <option name="generalSettings">
          <MavenGeneralSettings>
            <option name="localRepository" value="D:\PROGRAMING\Path\apache-maven-3.8.3\conf\LocalRepository" />
            <option name="mavenHome" value="D:/PROGRAMING/Path/apache-maven-3.8.3" />
            <option name="userSettingsFile" value="D:\PROGRAMING\Path\apache-maven-3.8.3\conf\settings.xml" />
          </MavenGeneralSettings>
        </option>
      </component>
      <component name="ProjectInspectionProfilesVisibleTreeState">
        <entry key="Project Default">
          <profile-state>
            <expanded-state>
              <State />
              <State>
                <id>AOP</id>
              </State>
              <State>
                <id>Abstraction issuesJava</id>
              </State>
              <State>
                <id>Android</id>
              </State>
              <State>
                <id>Application servers</id>
              </State>
              <State>
                <id>Assignment issuesJava</id>
              </State>
              <State>
                <id>Assignment issuesJavaScript and TypeScript</id>
              </State>
              <State>
                <id>Async code and promisesJavaScript and TypeScript</id>
              </State>
              <State>
                <id>Bean Validation</id>
              </State>
              <State>
                <id>Bitwise operation issuesJava</id>
              </State>
              <State>
                <id>Bitwise operation issuesJavaScript and TypeScript</id>
              </State>
              <State>
                <id>CDI (Contexts and Dependency Injection)</id>
              </State>
              <State>
                <id>CastNumeric issuesJava</id>
              </State>
              <State>
                <id>Class metricsJava</id>
              </State>
              <State>
                <id>Class structureJava</id>
              </State>
              <State>
                <id>ClassNaming conventionsJava</id>
              </State>
              <State>
                <id>Cloning issuesJava</id>
              </State>
              <State>
                <id>Code maturityJava</id>
              </State>
              <State>
                <id>Code quality toolsJavaScript and TypeScript</id>
              </State>
              <State>
                <id>Code style issuesJava</id>
              </State>
              <State>
                <id>Code style issuesJavaScript and TypeScript</id>
              </State>
              <State>
                <id>CodePlugin DevKit</id>
              </State>
              <State>
                <id>CodeSpring CoreSpring</id>
              </State>
              <State>
                <id>Compiler issuesJava</id>
              </State>
              <State>
                <id>Concurrency annotation issuesJava</id>
              </State>
              <State>
                <id>Control flow issuesGroovy</id>
              </State>
              <State>
                <id>Control flow issuesJava</id>
              </State>
              <State>
                <id>Control flow issuesJavaScript and TypeScript</id>
              </State>
              <State>
                <id>CorrectnessLintAndroid</id>
              </State>
              <State>
                <id>DOM issuesJavaScript and TypeScript</id>
              </State>
              <State>
                <id>Data flowGroovy</id>
              </State>
              <State>
                <id>Data flowJava</id>
              </State>
              <State>
                <id>Data flowJavaScript and TypeScript</id>
              </State>
              <State>
                <id>Declaration redundancyGroovy</id>
              </State>
              <State>
                <id>Declaration redundancyJava</id>
              </State>
              <State>
                <id>Dependency issuesJava</id>
              </State>
              <State>
                <id>Dockerfile</id>
              </State>
              <State>
                <id>ES2015 migration aidsJavaScript and TypeScript</id>
              </State>
              <State>
                <id>EditorConfig</id>
              </State>
              <State>
                <id>EmbeddedPerformanceJava</id>
              </State>
              <State>
                <id>EncapsulationJava</id>
              </State>
              <State>
                <id>Error handlingJava</id>
              </State>
              <State>
                <id>Faces model</id>
              </State>
              <State>
                <id>FinalizationJava</id>
              </State>
              <State>
                <id>Flow type checkerJavaScript and TypeScript</id>
              </State>
              <State>
                <id>Function metricsJavaScript and TypeScript</id>
              </State>
              <State>
                <id>GPathGroovy</id>
              </State>
              <State>
                <id>General</id>
              </State>
              <State>
                <id>GeneralJavaScript and TypeScript</id>
              </State>
              <State>
                <id>Groovy</id>
              </State>
              <State>
                <id>Hibernate</id>
              </State>
              <State>
                <id>Imports and dependenciesJavaScript and TypeScript</id>
              </State>
              <State>
                <id>ImportsJava</id>
              </State>
              <State>
                <id>Inheritance issuesJava</id>
              </State>
              <State>
                <id>InitializationJava</id>
              </State>
              <State>
                <id>InternationalizationJava</id>
              </State>
              <State>
                <id>InteroperabilityLintAndroid</id>
              </State>
              <State>
                <id>JPA</id>
              </State>
              <State>
                <id>JSF annotated elements errors</id>
              </State>
              <State>
                <id>JSP</id>
              </State>
              <State>
                <id>JUnitJava</id>
              </State>
              <State>
                <id>Java</id>
              </State>
              <State>
                <id>Java 10Java language level migration aidsJava</id>
              </State>
              <State>
                <id>Java 11Java language level migration aidsJava</id>
              </State>
              <State>
                <id>Java 14Java language level migration aidsJava</id>
              </State>
              <State>
                <id>Java 15Java language level migration aidsJava</id>
              </State>
              <State>
                <id>Java 5Java language level migration aidsJava</id>
              </State>
              <State>
                <id>Java 7Java language level migration aidsJava</id>
              </State>
              <State>
                <id>Java 8Java language level migration aidsJava</id>
              </State>
              <State>
                <id>Java 9Java language level migration aidsJava</id>
              </State>
              <State>
                <id>Java EE</id>
              </State>
              <State>
                <id>Java interop issuesKotlin</id>
              </State>
              <State>
                <id>Java language level issuesJava</id>
              </State>
              <State>
                <id>Java language level migration aidsJava</id>
              </State>
              <State>
                <id>JavaBeans issuesJava</id>
              </State>
              <State>
                <id>JavaFX</id>
              </State>
              <State>
                <id>JavaScript and TypeScript</id>
              </State>
              <State>
                <id>JavadocJava</id>
              </State>
              <State>
                <id>Kotlin</id>
              </State>
              <State>
                <id>Kotlin InteroperabilityInteroperabilityLintAndroid</id>
              </State>
              <State>
                <id>Language injection</id>
              </State>
              <State>
                <id>LintAndroid</id>
              </State>
              <State>
                <id>LoggingJava</id>
              </State>
              <State>
                <id>LombokJava</id>
              </State>
              <State>
                <id>MemoryJava</id>
              </State>
              <State>
                <id>MessagesCorrectnessLintAndroid</id>
              </State>
              <State>
                <id>Method metricsJava</id>
              </State>
              <State>
                <id>MethodNaming conventionsJava</id>
              </State>
              <State>
                <id>Micronaut</id>
              </State>
              <State>
                <id>Micronaut DataMicronaut</id>
              </State>
              <State>
                <id>Modularization issuesJava</id>
              </State>
              <State>
                <id>MongoJS</id>
              </State>
              <State>
                <id>Naming conventionsGroovy</id>
              </State>
              <State>
                <id>Naming conventionsJava</id>
              </State>
              <State>
                <id>Naming conventionsJavaScript and TypeScript</id>
              </State>
              <State>
                <id>Node.jsJavaScript and TypeScript</id>
              </State>
              <State>
                <id>Nullability problemsProbable bugsJava</id>
              </State>
              <State>
                <id>Numeric issuesJava</id>
              </State>
              <State>
                <id>Other problemsKotlin</id>
              </State>
              <State>
                <id>Packaging issuesJava</id>
              </State>
              <State>
                <id>PerformanceJava</id>
              </State>
              <State>
                <id>PerformanceLintAndroid</id>
              </State>
              <State>
                <id>Plugin DevKit</id>
              </State>
              <State>
                <id>PortabilityJava</id>
              </State>
              <State>
                <id>Potentially confusing code constructsGroovy</id>
              </State>
              <State>
                <id>Potentially confusing code constructsJavaScript and TypeScript</id>
              </State>
              <State>
                <id>Potentially undesirable code constructsJavaScript and TypeScript</id>
              </State>
              <State>
                <id>Probable bugsGroovy</id>
              </State>
              <State>
                <id>Probable bugsJava</id>
              </State>
              <State>
                <id>Probable bugsJavaScript and TypeScript</id>
              </State>
              <State>
                <id>Probable bugsKotlin</id>
              </State>
              <State>
                <id>Properties files</id>
              </State>
              <State>
                <id>Properties filesJava</id>
              </State>
              <State>
                <id>Redundant constructsKotlin</id>
              </State>
              <State>
                <id>Redundant definitionsLombokJava</id>
              </State>
              <State>
                <id>Redundant modifiersLombokJava</id>
              </State>
              <State>
                <id>Reflective accessJava</id>
              </State>
              <State>
                <id>Resource managementJava</id>
              </State>
              <State>
                <id>SecurityJava</id>
              </State>
              <State>
                <id>SecurityLintAndroid</id>
              </State>
              <State>
                <id>Serialization issuesJava</id>
              </State>
              <State>
                <id>ShrinkerAndroid</id>
              </State>
              <State>
                <id>Spring</id>
              </State>
              <State>
                <id>Spring BatchSpring</id>
              </State>
              <State>
                <id>Spring BootSpring</id>
              </State>
              <State>
                <id>Spring CoreSpring</id>
              </State>
              <State>
                <id>Spring DataSpring</id>
              </State>
              <State>
                <id>Spring IntegrationSpring</id>
              </State>
              <State>
                <id>Spring WebSocketSpring</id>
              </State>
              <State>
                <id>Style issuesKotlin</id>
              </State>
              <State>
                <id>StyleGroovy</id>
              </State>
              <State>
                <id>Switch statement issuesJavaScript and TypeScript</id>
              </State>
              <State>
                <id>Test frameworksJava</id>
              </State>
              <State>
                <id>TestNGJava</id>
              </State>
              <State>
                <id>Threading issuesGroovy</id>
              </State>
              <State>
                <id>Threading issuesJava</id>
              </State>
              <State>
                <id>Thymeleaf</id>
              </State>
              <State>
                <id>Try statement issuesJavaScript and TypeScript</id>
              </State>
              <State>
                <id>TypeScriptJavaScript and TypeScript</id>
              </State>
              <State>
                <id>Unit testingJavaScript and TypeScript</id>
              </State>
              <State>
                <id>Unused symbolsJavaScript and TypeScript</id>
              </State>
              <State>
                <id>UsabilityLintAndroid</id>
              </State>
              <State>
                <id>Validity issuesJavaScript and TypeScript</id>
              </State>
              <State>
                <id>Verbose or redundant code constructsJava</id>
              </State>
              <State>
                <id>VisibilityJava</id>
              </State>
              <State>
                <id>Web services</id>
              </State>
              <State>
                <id>WebSocket</id>
              </State>
              <State>
                <id>XMLSpring CoreSpring</id>
              </State>
              <State>
                <id>toString() issuesJava</id>
              </State>
            </expanded-state>
            <selected-state>
              <State>
                <id>Android</id>
              </State>
            </selected-state>
          </profile-state>
        </entry>
      </component>
      <component name="ProjectViewState">
        <option name="showLibraryContents" value="true" />
      </component>
      <component name="PropertiesComponent">
        <property name="settings.editor.selected.configurable" value="reference.projectsettings.compiler.javacompiler" />
      </component>
    </defaultProject>
  </component>
</application>